{
  "JJ Bumrah": 4.5,
  "MG Johnson": 9,
  "J Theron": 10.799999999999999,
  "R Rampaul": 11,
  "SP Narine": 11,
  "JP Faulkner": 12,
  "Kamran Khan": 12.857142857142856,
  "CH Morris": 12.857142857142856,
  "M Muralitharan": 15,
  "DW Steyn": 15,
  "UT Yadav": 15,
  "R Vinay Kumar": 17.142857142857142,
  "BAW Mendis": 27
}