{
  "J Yadav": 4.142857142857143,
  "RN ten Doeschate": 4.285714285714286,
  "V Kohli": 5.454545454545455,
  "R Ashwin": 5.975,
  "S Nadeem": 6.136363636363637,
  "Parvez Rasool": 6.2,
  "Z Khan": 6.6967741935483875,
  "MC Henriques": 6.764331210191083,
  "M Vijay": 7,
  "Bipul Sharma": 7.142857142857143
}