{
  "RN ten Doeschate": 2.571428571428571,
  "J Yadav": 4.142857142857143,
  "V Kohli": 5.454545454545455,
  "R Ashwin": 5.475,
  "M de Lange": 5.538461538461539,
  "S Nadeem": 5.590909090909091,
  "Z Khan": 5.612903225806452,
  "MC Henriques": 5.770700636942675,
  "MA Starc": 6.066176470588235,
  "Parvez Rasool": 6.2
}