{
  "J Yadav": 4.142857142857143,
  "RN ten Doeschate": 5.142857142857142,
  "V Kohli": 5.454545454545455,
  "R Ashwin": 6.175,
  "Parvez Rasool": 6.2,
  "S Nadeem": 6.409090909090909,
  "M Vijay": 7,
  "MC Henriques": 7.031847133757961,
  "Z Khan": 7.122580645161291,
  "Bipul Sharma": 7.142857142857143
}